,description,playlist_title,url,owner,n_tracks
0,"Os lan√ßamentos dessa semana incluem L7NNON, Maiara & Maraisa, Major RD e Felipe Amorim, MC Don Juan e muito mais!",Novidades da Semana,https://open.spotify.com/playlist/37i9dQZF1DX34KNiFQJNVm,Spotify,99
1,Disfruta de esta experiencia relajante. / Aproveite essa experi√™ncia √∫nica e relaxe.,Soul.House.Relax,https://open.spotify.com/playlist/37i9dQZF1DWZeXxACCcUmL,Spotify,150
2,"n√£o fumo n√£o bebo s√≥ meto dan√ßa üëç  esse √© o #MeuSpotify com Mc Livinho
",METE DAN√áA,https://open.spotify.com/playlist/37i9dQZF1DX8vpLK1FoEw3,Spotify,50
3,"Cora√ß√£o na Geladeira 2 e os funks mais üîë do Brasil. Foto: Mc Kevin, MC Hariel",Funk Hits,https://open.spotify.com/playlist/37i9dQZF1DWTkIwO2HDifB,Spotify,50
4,Os grandes hits do momento est√£o aqui! Foto: MC Rogerinho,Hot Hits Brasil,https://open.spotify.com/playlist/37i9dQZF1DX03VbhoH7arm,Spotify,50
5,"√âxitos urbanos de Latinoam√©rica con Brray, Jhayco, Anuel AA, Chencho Corleone y Ryan Castro.",Hits Urbanos,https://open.spotify.com/playlist/37i9dQZF1DWVskFRGurTfg,Spotify,100
6,"As mais sofridas do sertanejo, entre novidades e hits. Foto: Hugo Henrique",Sofr√™ncia Sertaneja,https://open.spotify.com/playlist/37i9dQZF1DX9EleE9VYW2u,Spotify,70
7,"Eu quero funk pra rebolar! Foto: POCAH, Anitta, MC Caveirinha, MC Kevin o Chris, Steve Aoki",Funk Pop,https://open.spotify.com/playlist/37i9dQZF1DWW6EwN6CPxGO,Spotify,55
8,Aperte o play e dance com os maiores nomes da m√∫sica eletr√¥nica nacional. Foto: Mochakk,mint brasil,https://open.spotify.com/playlist/37i9dQZF1DXd14ByHZraz1,Spotify,50
9,Super mega hits! Foto: Shakira,Pop Up,https://open.spotify.com/playlist/37i9dQZF1DX6aTaZa0K6VA,Spotify,100
10,√âxitos del Trap Latino. Foto: Duki.,TRAPPERZ,https://open.spotify.com/playlist/37i9dQZF1DWUmxBdWX3Pp4,Spotify,100
